<ExampleMod version="">
    <testString type="string">The quick brown fox fuckin jumped over the lazy dogwhat if I add \n???? what happens next</testString>
    <testBool type="bool">1</testBool>
    <testInt type="int">-691</testInt>
    <testUInt type="uint">421</testUInt>
    <testInt64 type="int64" readonly="1">-69000000001</testInt64>
    <testUInt64 type="uint64">42000000001</testUInt64>
    <testFloat type="float">69.6969</testFloat>
    <testXMLNode type="xmlnode" readonly="1">
        <node1>IDK put whatever tf you want here</node1>testXMLNode
    </testXMLNode>
</ExampleMod>